INSERT INTO profession (profession_id, hhapi_id, profession_name, description)
VALUES (1, 3, 'Управление проектами', 'Менеджер проекта (руководитель проекта или Project manager) — это специалист, отвечающий за успешное выполнение проекта в указанные заказчиком сроки, с необходимым качеством, при фиксированном бюджете и ограниченных человеческих ресурсах, при необходимых требованиях со стороны заказчика. В итоге, главный результат работы данного управленца — это удовлетворенность заказчика. Должность руководителя проекта налагает высокую ответственность на специалиста, т.к. именно он управляет всеми процессами проекта и от него зависит конечный результат работ. Карьерный путь руководителя проекта всегда ведет в топ-менеджмент и в сторону проектов большего бюджета.'),
       (2, 4, 'CTO, CIO, Директор по IT', 'IT директор — один из руководителей компании, отвечающий за разработку новых сервисов или продуктов, а также за оптимизацию производительности производства: управление процессами разработки в проектных командах, обучение и повышение квалификации сотрудников, внедрение и поддержка различных процессов внутри компании. Главной задачей IT-директора является разработка IT-инфраструктуры и информационной стратегии компании по управлению бизнесом на основе передовых технологий.'),
       (3, 5, 'Web инженер', 'Web-инженер — специалист в области компьютерных технологий, а именно web-программирования. Призван воплотить в жизнь проекты web-дизайнеров, создавая функционирующий сайт. Без его участия не станет работать ни один интернет-проект. Web-программисты создают динамические страницы, пишут интерфейсы к базам данных, составляют технические задания проектов.'),
       (4, 6, 'Web мастер', 'Веб-мастер – это специалист широкого профиля, который комплексно занимается разработкой, сопровождением, обслуживанием сайтов и веб-приложений. Совмещает в одном лице деятельность разных специалистов из области веб-разработки: программиста, верстальщика, веб-дизайнера, контент-менеджера, оптимизатора, модератора, администратора сервера и т. д.'),
       (5, 7, 'Электронная коммерция', 'Специалист по электронной коммерции (e-commerce) занимается системой торговли через интернет посредством интернет-магазинов, приложений и других сервисов. Для успешной работы такой специалист должен владеть как спецификой торговли, так и интернет-бизнеса и обладать компетенциями в следующих сферах: информационные технологии, маркетинг и интернет-маркетинг, бизнес-моделирование, дизайн, производство товаров и разработка услуг, логистика, взаимоотношения с партнерами и заказчиками.'),
       (6, 9, 'Передача данных и доступ в интернет', 'Специалисты по защите информации сейчас работают в компаниях практически всех отраслей. Они проводят информационное обследование и анализ, в результате которого выявляют риски утечки информации. Выстраивают оптимальную модель защиты от покушений извне (в основном посредством вредоносных компьютерных программ). Занимаются приобретением, установкой и обслуживанием специальных систем защиты информации. Поддерживают и модернизируют действующую систему безопасности'),
       (7, 10, 'Компьютерная безопасность', 'Специалисты по защите информации сейчас работают в компаниях практически всех отраслей. Они проводят информационное обследование и анализ, в результате которого выявляют риски утечки информации. Выстраивают оптимальную модель защиты от покушений извне (в основном посредством вредоносных компьютерных программ). Занимаются приобретением, установкой и обслуживанием специальных систем защиты информации. Поддерживают и модернизируют действующую систему безопасности'),
       (8, 12, 'Поддержка, Helpdesk', 'Деятельность специалиста технической поддержки представляет собой работу в службе технической поддержки (Technical support, Helpdesk, Service desk) или сервисной структуре, разрешающей проблемы пользователей с компьютерами, аппаратным и программным обеспечением.'),
       (9, 14, 'Программирование, Разработка', 'Программист — человек, который строит алгоритмы работы электронных устройств: от компьютеров до космических спутников. Программирование принято условно делить на две категории: системное (оно включает в себя, например, написание программ для драйверов оборудования), и прикладное (создание сайтов, приложений, ПО и т. д.). Помимо знания нескольких языков программирования, хороший специалист должен быть собранным, внимательным и креативным, а также владеть английским языком.'),
       (10, 19, 'Развитие бизнеса', 'Менеджер по развитию бизнеса участвует в разработке стратегии развития компании с фокусом на увеличение прибыли, построение эффективной системы продаж и дистрибуции бренда как с использованием текущей клиентской базы, так и путем привлечения новых клиентов; проводит анализ, согласование и расширение ассортиментной матрицы, определяет целевые категории товаров для расширения ассортимента; проводит анализ продаж с последующей инициацией и контролем за реализацией рекламных и промо активностей.'),
       (11, 20, 'Инженер', 'Инженеры — это специалисты по изобретению, разработке и практическому применению технологий. Они занимаются исследованиями, конструкторской и технологической деятельностью.'),
       (12, 21, 'Аналитик', 'В России профессия финансового или инвестиционного аналитика считается новой: первые аналитики появились здесь в 1990-х гг. Тем не менее она востребована и хорошо оплачивается. В обязанности аналитиков входит анализ рынков и представленных на них компаний. Именно они определяют, насколько перспективно вложение в компанию, стоит ли покупать ее акции или, наоборот, пора избавиться от актива, чтобы не потерять вложенные деньги. Для этого аналитики изучают отчетность компаний на рынке, общаются с их менеджментом, следят за маркетинговыми исследованиями и ситуацией у конкурентов.'),
       (13, 22, 'Тестирование', 'Тестировщик создаёт сценарии тестирования, прогнозирует сбои и находит ошибки в продуктах.'),
       (14, 23, 'CRM системы', 'CRM-инженер – это специалист, который внедряет, настраивает и использует CRM-систему для сбора и анализа данных.'),
       (15, 24, 'Системы управления предприятием (ERP)', 'ERP-консультант (консультант по внедрению ERP-систем) – занимается внедрением и наладкой систем планирования предприятия. ERP-система (Enterprise Resource Planning) – это комплекс приложений, который позволяет автоматизировать учет и управление на предприятии, связать между собой его разные отделы.'),
       (16, 25, 'Игровое ПО', 'Разработчик игр или gamedev — специалист, занимающийся созданием программного кода, визуализацией и концепцией игры, а также выбором средств для реализации поставленных задач.'),
       (17, 27, 'Сетевые технологии', 'IT-специалист занимается созданием и наладкой информационных систем предприятия. Он выполняет непосредственные функции проектировщика IT-систем, программиста, веб-мастера либо руководит ими. IT-специалист разрабатывает компьютерные программы, адаптирует их под нужды своей организации, отвечает за бесперебойную работу штатного компьютерного оборудования и устраняет неполадки в случае сбоев.'),
       (18, 29, 'Системная интеграция', 'Системный интегратор - это человек, который специализируется на объединении компонентных подсистем в единое целое и обеспечении совместной работы этих подсистем, что называется системой интеграции.'),
       (19, 30, 'Системный администратор', 'Системный администратор — это специалист, обеспечивающий бесперебойную работу компьютерной техники, локальной сети, программного обеспечения в офисах и компаниях. Он отвечает за сетевую безопасность, работоспособность компьютеров и компьютерных программ.'),
       (20, 32, 'Сотовые, Беспроводные технологии', 'Связист – это специалист, отвечающий за бесперебойную работу систем передачи информации. В современном виде профессия появилась около полутора веков назад, когда был изобретен телефон.'),
       (21, 33, 'Администратор баз данных', 'Администратор базы данных — лицо, отвечающее за выработку требований к базе данных, её проектирование, реализацию, эффективное использование и сопровождение, включая управление учётными записями пользователей БД и защиту от несанкционированного доступа.'),
       (22, 34, 'Телекоммуникации', 'Инженер телекоммуникаций специализируется на современных системах телекоммуникаций, занимается проектированием и построением информационных сетей различного направления (мобильные, спутниковые, системы оптического диапазона и др.). Инженер телекоммуникаций также может заниматься установкой, пусконаладкой и эксплуатацией телекоммуникационного оборудования, отвечать за качество предоставляемых услуг связи, за безопасность работы оборудования и предоставления услуг населению.'),
       (23, 37, 'Банковское ПО', 'Дистанционное банковское обслуживание (ДБО) - это система, которая предоставляет клиентам возможность совершать банковские операции с использованием различных средств телекоммуникации, без непосредственного визита в офисы банка. Основная цель профессиональной деятельности специалиста по ДБО - предоставление сервиса дистанционного банковского обслуживания юридическим и физическим лицам.');

INSERT INTO section (section_id, section_name)
VALUES (1, 'Математические и естественные науки'),
       (2, 'Инженерное дело, технологии и технические науки'),
       (3, 'Науки об обществе');

INSERT INTO training_direction (training_direction_id, section_id, training_direction_code, training_direction_name)
VALUES (1, 1, '01.00.00', 'Математика и механика'),
       (2, 1, '02.00.00', 'Компьютерные и информационные науки'),
       (3, 2, '09.00.00', 'Информатика и вычислительная техника'),
       (4, 2, '10.00.00', 'Информационная безопасность'),
       (5, 2, '11.00.00', 'Электроника, радиотехника и системы связи'),
       (6, 2, '15.00.00', 'Машиностроение'),
       (7, 2, '27.00.00', 'Управление в технических системах'),
       (8, 3, '38.00.00', 'Экономика и управление');

INSERT INTO specialty (specialty_id, training_direction_id, specialty_code, specialty_name, description)
VALUES (1, 1, '01.03.01', 'Математика', 'Студенты математического факультета получат теоретические знания по различным математическим предметам, таким как: алгебра, матанализ, аналитическая геометрия, математическая логика, теория вероятностей, дискретная математика, математическое моделирование, дифференциальные уравнения и др. Аналитические дисциплины, такие как комплексный и функциональный анализ, тоже входят в список теоретического курса. Однако одной лишь теорией обучение бакалавров не окончится: студентов научат использовать полученные знания на практике, к примеру, для построения алгоритмов при разработке компьютерных программ. Также они научатся применять математические методы в разных жизненных сферах.'),
       (2, 1, '01.03.02', 'Прикладная математика и информатика', 'Выпускники получают знания и умения по математическому моделированию и программированию, которые обеспечивают им принципиальную возможность работы в самых передовых областях науки и техники. Способность работать с широким диапазоном объектов исследования: от процессов в живой природе до сложных технических систем наземного, подводного, воздушного и космического базирования — обеспечивает гарантированное трудоустройство после завершения обучения. Фундаментальная математическая подготовка, умение работать в различных программных средах обеспечивает возможность продолжить обучение по различным магистерским образовательным программам.'),
       (3, 1, '01.03.03', 'Механика и математическое моделирование', 'Студенты, обучающиеся по этому профилю, изучают дисциплины математического цикла (алгебра, геометрия, математический анализ), компьютерного (базы данных, компьютерная графика, операционные системы, языки программирования, 3D-графика, параллельное программирование), а также прикладные и теоретические разделы механики (теоретическая механика, механика жидкости, газа и сплошных сред, механика деформируемого твердого тела, робототехника, гидроаэромеханика). В процессе обучения особое внимание уделяется практикумам, в том числе и компьютерным, на которых осваиваются вычислительные и экспериментальные методы исследования состояния и движения материальных тел. В зависимости от выбранной специализации, в сфере интересов студентов могут оказаться такие дисциплины, как физико-химическая газовая динамика, биомеханика, основы нелинейной теории тонкостенных конструкций, проблемы динамического разрушения, теория устойчивости пластин и оболочек, методы создания функциональных и наноструктурных материалов и др.'),
       (4, 1, '01.03.04', 'Прикладная математика', 'В отличие от классической математики, прикладная отрасль этой дисциплины направлена на применение математических методов и алгоритмов в ведущих отраслях науки и техники. Прежде всего это информационные технологии, программирование и компьютерная безопасность, статистика и теория вероятности. Студенты получают фундаментальные знания по алгебре и геометрии, механике и электродинамике, теории вероятности, математическому моделированию. Кроме этого им преподают компьютерные технологии, языки программирования, правила работы с базами данных. Применение математических методов на практике нужно не только для составления компьютерных программ. Просчитываются также возможности экономической оптимизации процесса, организуется работа с базами данных, собирается и анализируется статистика.'),
       (5, 2, '02.03.01', 'Математика и компьютерные науки', 'Эту специальность выбирают те, кого интересуют информационные технологии. В соответствии с учебной программой, студенты, обучающиеся на этом факультете, получают подготовку по математике и IT-технологиям, ведут исследовательскую деятельность с помощью компьютерных технологий и математических методов, с использованием программного обеспечения и математического моделирования решают различные актуальные задачи и разрабатывают методики программно-информационного обеспечения исследовательской, научной и проектно-конструкторской деятельности.'),
       (6, 2, '02.03.02', 'Фундаментальная информатика и информационные технологии', 'Эта специальность дает будущим выпускникам знания во многих областях: прикладная математика, общетеоретическая информатика, практическое использование инновационных ИТ. Выпускники смогут применить себя в областях деятельности: интеллектуальные системы, биоинформатика, когнитивные информационные технологии, вычислительные технологии, компьютерные науки, технологии баз данных, компьютерная графика, теория информации, технология управления инфокоммуникациями и бизнес-процессами, архитектура программного обеспечения, параллельное и распределенное программирование.'),
       (7, 2, '02.03.03', 'Математическое обеспечение и администрирование информационных систем', 'Специальность позволяет подготовить высококвалифицированных профессиональных математиков-программистов, способных разрабатывать и эксплуатировать современные компьютерные информационные системы. Обычно их называют системными программистами и системными администраторами. Выпускники могут работать на любой должности, связанной с программным обеспечением и информационными технологиями. Полученные в процессе учебы знания бакалавры могут применять как для написания компьютерных программ, разработки алгоритмов и продуктов программного обеспечения, математического обеспечения систем и сетей, так и для проведения полного анализа нового программного продукта, его необходимости и целесообразности использования.'),
       (8, 3, '09.03.01', 'Информатика и вычислительная техника', 'Это направление подготовки в области профессиональной деятельности, связанной с ЭВМ, информационными системами и сетями, автоматизированными системами обработки информации и управления, системами автоматизированного проектирования и информационной поддержки изделий, разработкой программного обеспечения автоматизированных систем. Специальность имеет множество профилей обучения, предполагающих специализацию на определенных аспектах информационных систем, технологиях, учет отраслевой специфики.'),
       (9, 3, '09.03.02', 'Информационные системы и технологии', 'В рамках направления ведётся подготовка специалистов в области информационных процессов, технологий, систем и сетей, их инструментального (программного, технического, организационного) обеспечения. Студенты изучают современные способы и методы проектирования, отладки, производства и эксплуатации информационных технологий в различных областях науки и техники. Объектами профессиональной деятельности выпускников являются новые системы обработки, хранения, анализа, фильтрации и защиты данных, а также развитие технологий проверки чистоты информационного потока, подлинности информации, верификации её источников и решения новых проблем в областях информационной безопасности для производства, банков и телекоммуникаций.'),
       (10, 3, '09.03.03', 'Прикладная информатика', 'В рамках направления ведётся подготовка квалифицированных профессионалов в сферах системного анализа прикладной области информатизации и цифровизации; формализации решения прикладных задач и процессов информационных систем; разработки проектов автоматизации и информатизации прикладных процессов и создания информационных систем в прикладных областях; разработки проектов цифровизации; выполнения работ по созданию, модификации, внедрению и сопровождению информационных систем и управления этими работами. Студенты изучают прикладные и информационные процессы, информационные системы и технологии, требующие применения практических навыков анализа, моделирования, реинжиниринга, проектирования, разработки и сопровождения. Особое внимание уделяется вопросам моделирования и проектирования бизнес-процессов и хранилищ данных, вопросам внедрения цифровых технологий в различные направления и виды деятельности государственных и коммерческих организаций, корпоративных и государственных структур'),
       (11, 3, '09.03.04', 'Программная инженерия', 'В рамках направления ведётся подготовка профессионалов в широком спектре технологий индустриального производства программного обеспечения для информационно-вычислительных систем различного назначения, в том числе в сферах применения современных методов и технологий проектирования, а также стандартов, регламентирующих жизненный цикл ПО. Обучение включает овладение навыками программирования на различных инструментальных платформах, а также изучение подходов к использованию готовых программных компонентов и методов их интеграции.'),
       (12, 4, '10.03.01', 'Информационная безопасность', 'Студенты профиля «Безопасность телекоммуникационных систем» в ходе обучения осваивают технические и программные средства защиты; учатся использовать нормативные правовые документы в своей профессиональной деятельности, а также формировать комплекс мер по информационной безопасности c учетом его юридической и экономической целесообразности. Кроме того, в сферу компетенции бакалавров данного направления входят установка, настройка и обслуживание технических и программно-аппаратных средств защиты информации; организация работы коллектива с учётом требований защиты информации.'),
       (13, 5, '11.03.01', 'Радиотехника', 'Направление готовит специалистов, обладающих профессиональными знаниями, умениями, навыками, обеспечивающими их способность успешно решать задачи в сфере деятельности, связанной с исследованием, проектированием, эксплуатацией и созданием устройств и систем в области радиотехники. Выпускники данной специальности занимаются исследованиями и разработками, направленными на создание и обеспечение функционирования устройств и систем, основанных на использовании электромагнитных колебаний и волн и предназначенных для передачи, приема и обработки информации, получения информации об окружающей среде, природных и технических объектах, а также для воздействия на природные или технические объекты с целью изменения их свойств. Специалист-радиотехник занимается проектированием и эксплуатацией радиотехнических систем, комплексов и устройств, знает методы и средства их проектирования, моделирования, экспериментальной отработки, подготовки к производству и технического обслуживания.'),
       (14, 5, '11.03.02', 'Инфокоммуникационные технологии и системы связи', 'В рамках направления студенты получают фундаментальную и практическую подготовку в области инфокоммуникационных технологий и связи, необходимую для успешной эксплуатации современного телекоммуникационного оборудования и внедрения перспективных решений.В рамках направления изучаются теоретические вопросы радиотехники, принципы проектирования и создания локальных и распределённых систем передачи данных, проводные и беспроводные системы связи, реализации сетевых сервисов, системы и протоколы сигнальной информации, а также правовое регулирование в сетях связи.'),
       (15, 5, '11.03.03', 'Конструирование и технология электронных средств', 'Студенты направления получают подготовку в области исследования, конструирования и технологии производства радиоэлектронных, электронно-вычислительных, микроволновых, наноэлектронных, оптоэлектронных и лазерных средств. Направление объединяет фундаментальную физико-математическую и практическую подготовку студентов для проектирования современных электронных средств.'),
       (16, 5, '11.03.04', 'Электроника и наноэлектроника', 'Это направление, предполагающее сочетание базовой подготовки по таким дисциплинам, как физика, математика, информатика со специальной подготовкой в области компьютерных и измерительных технологий в приборостроении и создании информационно-измерительных систем. Профессиональная деятельность выпускников включает в себя совокупность средств, способов и методов, направленных на теоретическое и экспериментальное исследование в области наноэлектроники, на принципиально новые технологические разработки, компьютерное и математическое моделирование, конструирование, проектирование, технологию производства, использование и эксплуатацию материалов, компонентов, устройств, установок плазменной, микроволновой, твердотельной, оптической, микро- и наноэлектроники различного функционального назначения.'),
       (17, 6, '15.03.01', 'Машиностроение', 'В процессе освоения профильных дисциплин студенты учатся работать с объектами на машиностроительном производстве, технологическим оборудованием и инструментальной техникой. Выпускники данного профиля могут работать технологами, младшими инженерами или техниками в компаниях, ведущих деятельность в машиностроительной сфере. Полученный уровень знаний позволяет вырасти до управленца среднего звена в одном из выбранных департаментов.'),
       (18, 6, '15.03.02', 'Технологические машины и оборудование', 'Это направление подготовки специалистов, готовых к решению ключевых производственных задач, связанных с разработкой и проектированием технологических машин (с использованием современных систем автоматизации проектных работ), их производством, эксплуатацией, техническим обслуживанием, а также последующей утилизацией. Студенты изучают технологические машины и оборудование самых различных производств: горно-обогатительного, доменного, сталеплавильного, литейного, прокатного, ковочно-прессового производств, а также лазерную и вакуумную технику, гидравлические и пневматические системы и многое другое. Выпускники трудоустраиваются в профильные НИИ, на машиностроительные предприятия, конструкторские и проектные бюро, механические службы производственных предприятий, организации, осуществляющие контроль за техническим состоянием (Ростехнадзор).'),
       (19, 6, '15.03.03', 'Прикладная механика', 'В процессе учебы студенты знакомятся с физическими принципами построения различных систем техники и математическими методами расчетов, видами материалов, их свойствами. Особое внимание уделено основам автоматизированного проектирования, применению компьютерных технологий проектирования в различных системах (двух- и трехмерными AUTOCAD, MSC/NASTRAN), компьютерному конструированию и дизайну. Знания студентов применимы практически к любой сфере инженерной деятельности, где важно уметь производить расчеты аппаратуры на те или иные качественные стандарты (прочность, жесткость и др.), активно используя возможности современных технологий. Инженеры могут разрабатывать аналитические и численные расчетные методы, проводить исследования динамики и устойчивости техники во время ее эксплуатации в различных условиях, т. е. осуществлять опытно-конструкторские работы.'),
       (20, 6, '15.03.04', 'Автоматизация технологических процессов и производств', 'Студенты изучают диагностику и надежность автоматизированных систем, инженерную и компьютерную графику, прикладную механику, программирование и алгоритмизацию, теорию автоматического управления, электротехнику и электронику. Выпускники могут претендовать на большое количество должностей, среди которых – инженер контрольно-измерительных приборов и автоматики (КИПиА), инженер по автоматизации и механизации производственных процессов, инженер по автоматизированным системам управления, инженер-системотехник, инженер-схемотехник, конструктор вычислительных и автоматизированных систем и другие.'),
       (21, 6, '15.03.05', 'Конструкторско-технологическое обеспечение машиностроительных производств', 'Направление подготовки специалистов в области инновационных технологий производства, компьютерного дизайна и моделирования, производственного менеджмента и маркетинга, экономики и управления предприятием. Студенты получают классическую конструкторско-технологическую подготовку в сочетании с углубленными знаниями в области современных информационных технологий: компьютерного моделирования объектов и процессов производства, автоматизированного проектирования технологических процессов, разработки управляющих программ для оборудования с числовым программным управлением и автоматизированных производственных систем.'),
       (22, 6, '15.03.06', 'Мехатроника и робототехника', 'Студенты изучают как классические для инженерного направления предметы, так и ряд профильных дисциплин: электронные устройства мехатронных и робототехнических систем, теория автоматического управления, детали мехатронных модулей, роботов и их конструирование, микропроцессорная техника в мехатронике и робототехнике, программное обеспечение мехатронных и робототехнических систем, промышленные роботы и робототехнологические комплексы и ряд других дисциплин. Выпускники успешно трудоустраиваются в организациях, проектирующих и сопровождающих современные автоматизированные системы; организациях, занимающихся наладкой и обслуживанием мехатронных систем различного назначения, систем управления и автоматики, систем безопасности; институтах академии наук; научно-исследовательских и проектно-конструкторских институтах; учебных заведениях.'),
       (23, 7, '27.03.01', 'Стандартизация и метрология', 'Студенты изучают методы и средства измерений и контроля, метрологию, организацию и технологию испытаний, основы проектирования продукции, основы технического регулирования, основы технологии производства. Выпускники могут занимать должности аудиторов системы менеджмента качества, инженеров по стандартизации и сертификации, контролеров качества продукции, менеджеров по качеству, технологов службы качества, директоров по качеству, метрологов, инженеров по стандартизации, метрологии и сертификации.'),
       (24, 7, '27.03.02', 'Управление качеством', 'Студенты изучают управление надежностью, квалиметрию, реинжиниринг, построение систем менеджмента качества, статистические методы в управлении качеством. Выпускники могут работать в сфере менеджмента и разрабатывать, внедрять и осуществлять функционирование современных моделей систем менеджмента качества, решать задачи повышения качества продукции и услуг. Также в их обязанности входит консалтинг и аудит действующих систем менеджмента качества на предприятии. Кроме того, они могут разрабатывать методы повышения эффективности производства, направленных на сокращение расхода материалов и повышение производительности труда.'),
       (25, 7, '27.03.03', 'Системный анализ и управление', 'Студенты получают отличную математическую подготовку, овладевают современными информационными технологиями, а также аппаратными и программными средствами автоматизации. Они способны разрабатывать модели объектов и процессов различной физической природы, создавать алгоритмическое и программное обеспечение систем автоматизации и управления, а также руководить коллективом исполнителей. Выпускники востребованы в нефтегазодобывающей, телекоммуникационной и машиностроительной сферах. Они успешно трудоустраиваются в крупных банках и других финансовых организациях, консалтинговых компаниях и компаниях-интеграторах программного обеспечения.'),
       (26, 7, '27.03.04', 'Управление в технических системах', 'Специалисты осуществляют разработку, проектирование, производство, наладку и эксплуатацию средств и систем автоматизации. Выпускники получают глубокие знания и практические навыки в области измерительной, микропроцессорной, электро- и гидроприводной техники, электроники, проектирования и программирования телекоммуникационных и компьютерных систем. Они востребованы в сфере добычи и переработки нефти и газа, робототехники, машиностроения и металлургии.'),
       (27, 8, '38.03.02', 'Менеджмент', 'В зависимости от выбранного профиля студенты изучают управленческие, экономические, социальные и гуманитарные дисциплины. Среди обязательных предметов – теория менеджмента, маркетинг, экономическая теория, стратегический менеджмент, учет и анализ, финансовый менеджмент, управление человеческими ресурсами. Сфера профессиональной деятельности бакалавра менеджмента – управленческая деятельность в организациях всех форм собственности на должностях, относящихся к среднему штабному или линейному менеджменту.'),
       (28, 8, '38.03.05', 'Бизнес-информатика', 'Студенты получают подготовку сразу в нескольких областях менеджмента, экономики, права и инфокоммуникационных технологий. Специалисты данного направления, находясь в удаленном доступе, могут управлять предприятием, его информационными, материальными и денежными потоками с помощью различных IT-технологий. Работу можно найти во всех областях, связанных с ИКТ. Это любые предприятия государственного и частного уровня, НПО, ОАО и ЗАО, научные конструкторские и проектные организации, органы, занимающиеся социальной работой.');

INSERT INTO university (university_id, university_name, area_id, description, extended_description)
VALUES (1, 'Московский педагогический государственный университет', 1, 'Ведущий педагогический университет России.', 'Ведущий педагогический университет России, здесь готовят педагогов по всем возможным специализациям — от математики и русского языка, до музыки и физической культуры. Традиционно сильными для МПГУ направлениями являются также филология, журналистика, психология. Для абитуриентов открыто более 170 программ бакалавриата и более 160 программ магистратуры.'),
       (2, 'Национальный исследовательский университет «Высшая школа экономики»', 1, 'Входит в тройку самых крупных вузов России.', 'НИУ ВШЭ входит в тройку самых крупных вузов России, имеет 4 региональных кампуса (в Москве, Санкт-Петербурге, Нижнем Новгороде и Перми), а также лицей для учеников 10-11 классов в Москве. Основные направления обучения — экономика и управление, гуманитарные, естественные, социальные и технические науки. Фирменный набор студента «Вышки» — академический год из 4 модулей, экзамены только в письменной форме, рейтинговая система оценки знаний.'),
       (3, 'Российский университет дружбы народов', 1, 'Самый интернациональный и многопрофильный университет России.', 'Единственный в мире вуз, где одновременно учатся студенты из более чем 150 стран. РУДН предлагает естественно-научные, технические, медицинские, экономические и гуманитарные направления обучения. На всех программах иностранные языки преподаются на высоком уровне. Более тридцати магистерских программ в университете читаются на английском языке. РУДН имеет большой кампус на Юго-Западе Москвы, который признан одним из лучших в России по итогам конкурса «Наш студенческий дом».'),
       (4, 'Московский государственный технический университет им. Н. Э. Баумана', 1, 'Университет готовит инженеров для самых передовых и высокотехнологичных отраслей науки и техники России.', 'Университет Баумана готовит инженеров для самых передовых и высокотехнологичных отраслей науки и техники России, всего здесь открыто более 100 программ. Вуз занимает лидирующее место в Ассоциации технических университетов России. Студенты привлекаются к реальной исследовательской работе, многие из них выбирают научно-исследовательское будущее и продолжают обучение в аспирантуре. Бауманский университет — учредитель фонда «Сколково».'),
       (5, 'Московский государственный университет им. М. В. Ломоносова', 1, 'Главный классический университет России, центр отечественной науки и культуры.', 'Главный классический университет России, центр отечественной науки и культуры. Для абитуриентов МГУ открыты 40 факультетов, здесь можно получить образование по всем основным классическим направлениям. Наиболее популярны и, как следствие, труднодоступны юридический и экономический факультеты. Обучение ведется по интегрированной шестилетней программе. В состав МГУ входят 7 филиалов, а также совместный с Китаем университет МГУ-ППИ в Шэньчжэне.'),
       (6, 'Санкт-Петербургский государственный университет', 2, 'Санкт-Петербургский государственный университет — старейший вуз России, основанный в 1724 году.', 'Санкт-Петербургский государственный университет — один из крупнейших научно-образовательных центров в Европе и мире. Сегодня здесь учатся более 20 тысяч студентов, работают лауреаты Нобелевской и Филдсовской премий, созданы более 15 крупных лабораторий и 24 ресурсных центра, входящих в ведущий Научный парк страны. Университет обладает богатейшей историей — только СПбГУ может по праву носить имя первого университета России.'),
       (7, 'Санкт-Петербургский государственный университет аэрокосмического приборостроения', 2, 'ГУАП — лидер отечественной высшей школы в использовании передовых образовательных технологий.', 'ГУАП — лидер отечественной высшей школы в использовании передовых образовательных технологий. В России и за рубежом университет признан крупным научным центром, а также центром подготовки, переподготовки и повышения квалификации инженеров, программистов, экономистов, менеджеров, юристов широкого профиля.'),
       (8, 'Санкт-Петербургский национальный исследовательский университет информационных технологий, механики и оптики', 2, 'Университет ИТМО — один из ведущих вузов России в области информационных и фотонных технологий.', 'Университет ИТМО — один из ведущих вузов России в области информационных и фотонных технологий, получивший в 2009 году статус национального исследовательского университета. С 2013 года Университет ИТМО — участник программы “Проект 5-100”. Это дает университету возможность обеспечить самые комфортные условия для работы российских и зарубежных студентов и преподавателей, создать уникальную среду для развития науки и образования.'),
       (9, 'Уральский федеральный университет им. Б. Н. Ельцина', 3, 'Университет является центром научной образовательной жизни Екатеринбурга и всего региона.', 'Университет создан в 2009 путем объединения Уральского государственного технического университета — УПИ и Уральского государственного университета. Сегодня УрФУ соединяет весь спектр технического, естественнонаучного и гуманитарного образования, является центром научной образовательной жизни Екатеринбурга и всего региона.'),
       (10, 'Уральский государственный горный университет', 3, 'Единственный в мире полнопрофильный горный университет.', 'Первое высшее учебное заведение Урала. Он был учрежден в 1914 году Императором Николаем II. В 2004 году вуз успешно прошел процедуру комплексной оценки деятельности и решением Аккредитационной коллегии Министерства образования и науки РФ получил высший статус и теперь называется Уральский государственный горный университет.');

INSERT INTO university_specialty(specialty_id, university_id)
VALUES (1, 1),
       (1, 2),
       (1, 3),
       (1, 6),
       (1, 9),
       (2, 2),
       (2, 3),
       (2, 4),
       (2, 5),
       (2, 6),
       (2, 7),
       (2, 8),
       (3, 6),
       (3, 9),
       (4, 2),
       (4, 4),
       (4, 9),
       (5, 3),
       (5, 4),
       (5, 6),
       (5, 9),
       (6, 3),
       (6, 5),
       (6, 6),
       (6, 9),
       (7, 6),
       (7, 7),
       (7, 9),
       (8, 2),
       (8, 4),
       (8, 7),
       (8, 8),
       (8, 9),
       (8, 10),
       (9, 4),
       (9, 8),
       (9, 9),
       (9, 10),
       (10, 3),
       (10, 4),
       (10, 6),
       (10, 7),
       (10, 8),
       (10, 9),
       (11, 2),
       (11, 4),
       (11, 6),
       (11, 7),
       (11, 8),
       (11, 9),
       (12, 7),
       (12, 8),
       (12, 9),
       (13, 7),
       (13, 9),
       (14, 2),
       (14, 7),
       (14, 8),
       (14, 9),
       (15, 4),
       (15, 7),
       (15, 8),
       (15, 9),
       (16, 4),
       (16, 7),
       (16, 9),
       (17, 4),
       (17, 9),
       (17, 10),
       (18, 4),
       (18, 9),
       (18, 10),
       (19, 4),
       (20, 4),
       (20, 8),
       (20, 9),
       (20, 10),
       (21, 3),
       (21, 9),
       (22, 4),
       (22, 7),
       (22, 8),
       (22, 9),
       (23, 3),
       (23, 4),
       (23, 7),
       (23, 9),
       (24, 7),
       (24, 9),
       (25, 6),
       (25, 7),
       (25, 9),
       (26, 3),
       (26, 4),
       (26, 7),
       (26, 8),
       (26, 9),
       (27, 4),
       (27, 5),
       (27, 2),
       (27, 3),
       (27, 6),
       (27, 7),
       (27, 8),
       (27, 9),
       (27, 10),
       (28, 2),
       (28, 3),
       (28, 4),
       (28, 6),
       (28, 7),
       (28, 8),
       (28, 9);

INSERT INTO specialty_profession(specialty_id, profession_id)
VALUES (1, 12),
       (1, 13),
       (1, 18),
       (2, 3),
       (2, 4),
       (2, 9),
       (2, 12),
       (2, 13),
       (2, 18),
       (2, 21),
       (3, 9),
       (3, 12),
       (3, 13),
       (3, 18),
       (3, 21),
       (4, 9),
       (4, 12),
       (4, 13),
       (4, 18),
       (4, 21),
       (5, 3),
       (5, 4),
       (5, 9),
       (5, 12),
       (5, 13),
       (5, 18),
       (5, 21),
       (6, 3),
       (6, 4),
       (6, 9),
       (6, 12),
       (6, 13),
       (6, 18),
       (6, 21),
       (7, 9),
       (7, 12),
       (7, 13),
       (7, 18),
       (7, 21),
       (8, 3),
       (8, 4),
       (8, 9),
       (8, 12),
       (8, 13),
       (8, 18),
       (8, 21),
       (9, 3),
       (9, 4),
       (9, 9),
       (9, 12),
       (9, 13),
       (9, 18),
       (9, 21),
       (10, 3),
       (10, 4),
       (10, 9),
       (10, 12),
       (10, 13),
       (10, 18),
       (10, 21),
       (11, 3),
       (11, 4),
       (11, 9),
       (11, 12),
       (11, 13),
       (11, 18),
       (11, 21),
       (12, 7),
       (12, 12),
       (12, 13),
       (12, 18),
       (13, 11),
       (13, 17),
       (13, 19),
       (14, 6),
       (14, 17),
       (14, 19),
       (14, 20),
       (14, 22),
       (15, 11),
       (15, 19),
       (16, 11),
       (16, 19),
       (17, 11),
       (17, 19),
       (18, 11),
       (18, 19),
       (19, 11),
       (19, 19),
       (20, 11),
       (20, 19),
       (21, 11),
       (21, 19),
       (22, 11),
       (22, 19),
       (23, 11),
       (23, 19),
       (24, 13),
       (25, 1),
       (25, 2),
       (25, 12),
       (25, 13),
       (25, 18),
       (26, 1),
       (26, 2),
       (26, 12),
       (26, 13),
       (26, 18),
       (27, 1),
       (27, 2),
       (27, 5),
       (27, 10),
       (27, 23),
       (28, 1),
       (28, 2),
       (28, 5),
       (28, 10),
       (28, 12),
       (28, 13),
       (28, 23);
